{
    "structversion": "2017-07-11",
    "schema": "avrora21work",
    "id": "21",
    "user": "chuprina_iv",
    "config": {
        "allowed editors": "",
        "label": {
            "ru": "\u0420\u0430\u0431\u043e\u0442\u044b"
        }
    },
    "columns": [
        {
            "colref": 6,
            "ismulti": false,
            "isenabled": true,
            "sort": 5,
            "label": "\u0438\u0441\u043f\u043e\u043b\u043d\u0438\u0442",
            "class": "User",
            "config": {
                "visibility": {
                    "inpage": true,
                    "ineditor": true
                },
                "existingonly": true,
                "autocomplete": {
                    "fullname": true,
                    "mininput": 2,
                    "maxresult": 5
                },
                "label": {
                    "ru": "\u0438\u0441\u043f\u043e\u043b\u043d\u0438\u0442\u0435\u043b\u044c"
                },
                "hint": {
                    "ru": "\u0438\u043c\u044f \u043f\u043e\u043b\u044c\u0437\u043e\u0432\u0430\u0442\u0435\u043b\u044f dokuwiki"
                }
            }
        },
        {
            "colref": 1,
            "ismulti": false,
            "isenabled": true,
            "sort": 10,
            "label": "\u0432\u0438\u0434\u0440\u0430\u0431\u043e\u0442",
            "class": "Dropdown",
            "config": {
                "visibility": {
                    "inpage": true,
                    "ineditor": true
                },
                "values": "\u0434\u043e\u043a\u0443\u043c\u0435\u043d\u0442\u0430\u0446\u0438\u044f, \u0440\u0430\u0437\u0440\u0430\u0431\u043e\u0442\u043a\u0430, \u0442\u0435\u0441\u0442\u0438\u0440\u043e\u0432\u0430\u043d\u0438\u0435, \u043a\u043e\u043d\u0441\u0443\u043b\u044c\u0442\u0430\u0446\u0438\u044f",
                "label": {
                    "ru": "\u0432\u0438\u0434 \u0440\u0430\u0431\u043e\u0442\u044b"
                },
                "hint": {
                    "ru": "\u0432\u044b\u0431\u043e\u0440 \u0438\u0437 \u0441\u043f\u0438\u0441\u043a\u0430 \u0432\u0438\u0434\u043e\u0432 \u0440\u0430\u0431\u043e\u0442 \u043d\u0430 \u043f\u0440\u043e\u0435\u043a\u0442\u0435"
                }
            }
        },
        {
            "colref": 2,
            "ismulti": false,
            "isenabled": true,
            "sort": 20,
            "label": "\u043d\u0430\u0447\u0434\u0430\u0442\u0430",
            "class": "DateTime",
            "config": {
                "visibility": {
                    "inpage": true,
                    "ineditor": true
                },
                "format": "d.m.Y H:i",
                "prefilltoday": true,
                "label": {
                    "ru": "\u043d\u0430\u0447\u0430\u043b\u043e \u0434\u0430\u0442\u0430"
                },
                "hint": {
                    "ru": "\u0434\u0430\u0442\u0430 \u0438 \u0432\u0440\u0435\u043c\u044f \u043d\u0430\u0447\u0430\u043b\u0430 \u0440\u0430\u0431\u043e\u0442 (\u043e\u0431\u044f\u0437\u0430\u0442\u0435\u043b\u044c\u043d\u043e \u0434\u043b\u044f \u0437\u0430\u043f\u043e\u043b\u043d\u0435\u043d\u0438\u044f)"
                }
            }
        },
        {
            "colref": 3,
            "ismulti": false,
            "isenabled": true,
            "sort": 30,
            "label": "\u043e\u043a\u043e\u043d\u0434\u0430\u0442\u0430",
            "class": "DateTime",
            "config": {
                "visibility": {
                    "inpage": true,
                    "ineditor": true
                },
                "format": "d.m.Y H:i",
                "prefilltoday": true,
                "label": {
                    "ru": "\u043e\u043a\u043e\u043d\u0447\u0430\u043d\u0438\u0435 \u0434\u0430\u0442\u0430"
                },
                "hint": {
                    "ru": "\u0414\u0430\u0442\u0430 \u0438 \u0432\u0440\u0435\u043c\u044f \u043e\u043a\u043e\u043d\u0447\u0430\u043d\u0438\u044f \u0440\u0430\u0431\u043e\u0442 (\u043e\u0431\u044f\u0437\u0430\u0442\u0435\u043b\u044c\u043d\u043e \u0434\u043b\u044f \u0437\u0430\u043f\u043e\u043b\u043d\u0435\u043d\u0438\u044f)"
                }
            }
        },
        {
            "colref": 4,
            "ismulti": false,
            "isenabled": true,
            "sort": 40,
            "label": "\u0447\u0430\u0441",
            "class": "Decimal",
            "config": {
                "visibility": {
                    "inpage": true,
                    "ineditor": true
                },
                "min": "",
                "max": "",
                "roundto": "-1",
                "decpoint": ",",
                "thousands": "\u202f",
                "trimzeros": true,
                "prefix": "",
                "postfix": "",
                "label": {
                    "ru": "\u0447\u0430\u0441"
                },
                "hint": {
                    "ru": "\u0414\u043b\u0438\u0442\u0435\u043b\u044c\u043d\u043e\u0441\u0442\u044c \u0440\u0430\u0431\u043e\u0442"
                }
            }
        },
        {
            "colref": 5,
            "ismulti": false,
            "isenabled": true,
            "sort": 50,
            "label": "\u043e\u043f\u0438\u0441\u0440\u0430\u0431\u043e\u0442",
            "class": "Text",
            "config": {
                "visibility": {
                    "inpage": true,
                    "ineditor": true
                },
                "prefix": "",
                "postfix": "",
                "label": {
                    "ru": "\u043e\u043f\u0438\u0441\u0430\u043d\u0438\u0435 \u0440\u0430\u0431\u043e\u0442"
                },
                "hint": {
                    "ru": "\u0440\u0430\u0441\u0448\u0438\u0440\u0435\u043d\u043d\u043e\u0435 \u043e\u043f\u0438\u0441\u0430\u043d\u0438\u0435 \u043f\u0440\u043e\u0432\u0435\u0434\u0435\u043d\u043d\u043e\u0439 \u0440\u0430\u0431\u043e\u0442\u044b"
                }
            }
        }
    ]
}