{
    "structversion": "2017-06-15",
    "schema": "avrora20",
    "id": "8",
    "user": "chuprina_iv",
    "config": {
        "allowed editors": "",
        "label": {
            "ru": "\u0434\u0430\u043d\u043d\u044b\u0435 \u0437\u0430\u0434\u0430\u0447\u0438"
        }
    },
    "columns": [
        {
            "colref": 1,
            "ismulti": false,
            "isenabled": true,
            "sort": 10,
            "label": "status",
            "class": "Lookup",
            "config": {
                "visibility": {
                    "inpage": true,
                    "ineditor": true
                },
                "schema": "statuses",
                "field": "status",
                "label": {
                    "ru": "\u0441\u0442\u0430\u0442\u0443\u0441"
                },
                "hint": {
                    "ru": ""
                }
            }
        },
        {
            "colref": 2,
            "ismulti": false,
            "isenabled": true,
            "sort": 20,
            "label": "datefr",
            "class": "Date",
            "config": {
                "visibility": {
                    "inpage": true,
                    "ineditor": true
                },
                "format": "d.m.Y",
                "prefilltoday": false,
                "label": {
                    "ru": "\u0434\u0430\u0442\u0430 \u0441.."
                },
                "hint": {
                    "ru": ""
                }
            }
        },
        {
            "colref": 3,
            "ismulti": false,
            "isenabled": true,
            "sort": 30,
            "label": "dateto",
            "class": "Date",
            "config": {
                "visibility": {
                    "inpage": true,
                    "ineditor": true
                },
                "format": "d.m.Y",
                "prefilltoday": false,
                "label": {
                    "ru": "\u0434\u0430\u0442\u0430 \u043f\u043e.."
                },
                "hint": {
                    "ru": ""
                }
            }
        },
        {
            "colref": 4,
            "ismulti": false,
            "isenabled": true,
            "sort": 40,
            "label": "plan",
            "class": "Decimal",
            "config": {
                "visibility": {
                    "inpage": true,
                    "ineditor": true
                },
                "min": "",
                "max": "",
                "roundto": "-1",
                "decpoint": ".",
                "thousands": "\u202f",
                "trimzeros": true,
                "prefix": "",
                "postfix": "",
                "label": {
                    "ru": "\u043f\u043b\u0430\u043d"
                },
                "hint": {
                    "ru": ""
                }
            }
        },
        {
            "colref": 5,
            "ismulti": false,
            "isenabled": true,
            "sort": 50,
            "label": "fact",
            "class": "Decimal",
            "config": {
                "visibility": {
                    "inpage": true,
                    "ineditor": true
                },
                "min": "",
                "max": "",
                "roundto": "-1",
                "decpoint": ".",
                "thousands": "\u202f",
                "trimzeros": true,
                "prefix": "",
                "postfix": "",
                "label": {
                    "ru": "\u0444\u0430\u043a\u0442"
                },
                "hint": {
                    "ru": ""
                }
            }
        }
    ]
}