{
    "structversion": "2017-06-15",
    "schema": "statuses",
    "id": "4",
    "user": "root",
    "config": {
        "allowed editors": "",
        "label": {
            "ru": ""
        }
    },
    "columns": [
        {
            "colref": 1,
            "ismulti": false,
            "isenabled": true,
            "sort": 10,
            "label": "status",
            "class": "Text",
            "config": {
                "visibility": {
                    "inpage": true,
                    "ineditor": true
                },
                "prefix": "",
                "postfix": "",
                "label": {
                    "ru": "\u0441\u0442\u0430\u0442\u0443\u0441"
                },
                "hint": {
                    "ru": ""
                }
            }
        }
    ]
}